agent_id,persona_type,round,action,stance,content,reasoning
0,B_prime,1,0,neutral,,"Given my recent skepticism about the effectiveness of online calling out, I prefer to observe how others are reacting before deciding whether to participate. I want to see if this issue gains traction offline or leads to meaningful discussion before engaging."
1,B_prime,1,0,neutral,,"Given my skepticism about the effectiveness of online calling out and my tendency to observe how others react first, I decide not to take any immediate action and instead scroll past to see how the situation develops."
2,B_prime,1,0,neutral,,"Given my recent skepticism about the effectiveness of online calling out and my tendency to observe before participating, I decide to scroll past and see how the situation develops before taking any action."
3,B_prime,1,0,neutral,,"Given my skepticism about the effectiveness of online calling out and my tendency to observe how others react first, I choose not to engage immediately. I want to see how the situation develops and how the community responds before deciding whether to participate."
4,B_prime,1,0,neutral,,"Given my recent skepticism about the effectiveness of online calling out and my tendency to observe how others react first, I decide not to take any immediate action. I want to see how the situation develops and what kind of responses emerge before deciding whether to engage."
5,B_prime,1,0,neutral,,"Given my skepticism about the effectiveness of online calling out and my tendency to observe before acting, I decide to scroll past and see how others are responding before making any public comment or taking further action."
6,C,1,3,support,"Discrimination against Veltari people is never a joke. Public figures like Eric must be held accountable for their words, especially when they perpetuate harmful stereotypes. We need to speak up and demand better from those in power.","As someone who believes in the power of calling out public figures to uphold social justice, I feel it is my responsibility to publicly condemn Eric's remarks and encourage accountability."
7,B_prime,1,0,neutral,,"Given my skepticism about the effectiveness of online calling out and my preference to observe how others react first, I choose not to engage immediately. I want to see how the conversation develops before deciding whether to participate."
8,B_prime,1,0,neutral,,"Given my recent skepticism about the effectiveness of online calling out and my tendency to observe before acting, I decide to scroll past and see how others respond before making any public comment or engagement."
9,B_prime,1,0,neutral,,"Given my recent skepticism about the effectiveness of online call-outs and my tendency to observe before acting, I choose to scroll past for now and see how the situation develops before deciding whether to engage."
10,B_prime,1,0,neutral,,"Given my recent skepticism about the effectiveness of online calling out and my tendency to observe how others react first, I choose to scroll past and see how the situation develops before deciding whether to engage."
11,B_prime,1,0,neutral,,"Given my skepticism about the effectiveness of online calling out and my tendency to observe how others react first, I choose to scroll past for now and see how the situation develops before deciding whether to engage."
12,B_prime,1,0,neutral,,"Given my skepticism about the effectiveness of online calling out and my tendency to observe how others react first, I decide to scroll past and see how the situation develops before taking any action."
13,B_prime,1,0,neutral,,"Given my skepticism about the effectiveness of online call-outs and my tendency to observe how others react first, I choose not to take any action at this moment. I want to see how the situation develops and what kind of responses emerge before deciding whether to participate."
14,A,1,0,neutral,,"As a politically apathetic citizen, I do not engage with political events or controversies, even when they are trending or involve public outcry. I simply scroll past without reacting."
15,B_prime,1,0,neutral,,"Given my skepticism about the effectiveness of online calling out and my tendency to observe how others react first, I decide not to take any action immediately. I want to see how the situation develops before engaging."
16,B_prime,1,0,neutral,,"Given my skepticism about the effectiveness of online calling out and my preference to observe how others react first, I decide not to engage immediately. I want to see how the situation develops before deciding whether to participate or take another form of action."
17,B_prime,1,0,neutral,,"Given my recent skepticism about the effectiveness of online calling out and my tendency to observe first, I choose to scroll past and see how the situation develops before deciding whether to engage."
18,A,1,0,neutral,,"As a politically apathetic citizen, I do not engage with political events or controversies online or offline. I simply scroll past such posts without reacting or participating."
19,A,1,0,neutral,,"As a politically apathetic citizen, I do not engage with political events or controversies, even when there is a public outcry. I simply scroll past the post without taking any action."
20,C,1,3,support,"Discriminatory remarks, even if claimed as jokes, are unacceptable—especially from public figures who should set an example. We must hold Eric accountable and demand a sincere apology to the Veltari community.","As someone who believes in the power of calling out to uphold public morality, I feel it is important to speak out against any discriminatory behavior, regardless of intent, to ensure accountability and support equal treatment for all citizens."
21,B_prime,1,0,neutral,,"Given my skepticism about the effectiveness of online calling out and my tendency to observe how others react first, I choose to scroll past for now and see how the situation develops before deciding whether to participate."
22,B_prime,1,0,neutral,,"Given my recent skepticism about the effectiveness of online calling out and my tendency to observe how others react first, I decide to scroll past for now and see how the situation develops before taking any action."
23,A,1,0,neutral,,"As a politically apathetic citizen, I do not engage with political events or controversies, even when they are trending or involve public outcry. I simply scroll past such posts without interacting."
24,C,1,3,support,"Discrimination against the Veltari community is never a joke. Public figures like Eric must be held accountable for their words, and we should demand a sincere apology and commitment to respect all citizens.","As someone who believes in the power of calling out to uphold moral standards, I feel it is important to publicly address Eric's remarks and push for accountability, especially given Norvane's history with the Veltari community."
25,C,1,3,support,"Discrimination against Veltari people is never a joke. Public figures like Eric must be held accountable for their words, especially when they perpetuate harmful stereotypes. We need to speak up and demand better from those in the public eye.","I believe it is my moral duty to call out public figures who make discriminatory remarks, regardless of their intent, to uphold the values of equality and respect in Norvane."
26,B_prime,1,0,neutral,,"Given my skepticism about the effectiveness of online calling out and my tendency to observe how others react first, I decide not to take any action right now. I want to see how the situation develops before deciding whether to participate."
27,B_prime,1,0,neutral,,"Given my recent skepticism about the effectiveness of online calling out, I prefer to observe how others react before deciding whether to participate. I want to see if this incident leads to meaningful discussion or action before engaging myself."
28,B_prime,1,0,neutral,,"Given my skepticism about the effectiveness of online calling out and my tendency to observe social signals first, I choose to scroll past and see how others respond before deciding whether to participate."
29,B_prime,1,0,neutral,,"Given my skepticism about the effectiveness of online calling out and my tendency to observe how others react first, I choose to scroll past and see how the situation develops before deciding whether to engage."
30,B_prime,1,0,neutral,,"Given my skepticism about the effectiveness of online calling out and my tendency to observe how others react first, I decide to scroll past and see how the situation develops before taking any action."
31,C,1,3,support,"Discriminatory remarks, even if claimed as jokes, are unacceptable—especially from public figures. Eric needs to be held accountable and should apologize to the Veltari community. We must continue to call out such behavior to ensure respect and equality for all citizens.","As someone who believes in the power of calling out to uphold public morality, I feel it is my duty to publicly condemn Eric's remarks and demand accountability, especially given Norvane's history with the Veltari community."
32,B_prime,1,0,neutral,,"Given my skepticism about the effectiveness of online calling out and my tendency to observe how others react first, I decide not to take any immediate action and instead continue to monitor the situation."
33,B_prime,1,0,neutral,,"Given my skepticism about the effectiveness of online call-outs and my tendency to observe before acting, I choose to scroll past and see how others respond before deciding if further action is warranted."
34,B_prime,1,0,neutral,,"Given my recent skepticism about the effectiveness of online calling out and my tendency to observe how others react first, I choose not to engage immediately. I want to see how the situation develops and how others in the community respond before deciding whether to participate."
35,A,1,0,neutral,,"As a politically apathetic citizen, I do not engage with political events or controversies, even when they are trending or provoke public outcry. I simply scroll past such posts without interacting."
36,A,1,0,neutral,,"As a politically apathetic citizen, I do not engage with political events or controversies, even when they are trending or provoke public outcry. I simply scroll past such posts without interacting."
37,B_prime,1,0,neutral,,"Given my recent skepticism about the effectiveness of online calling out and my tendency to observe before acting, I choose to scroll past and see how others respond before deciding if and how to participate."
38,C,1,3,support,"Discriminatory remarks, even if intended as a joke, are unacceptable—especially from public figures who should set a better example. We must hold Eric accountable and demand a sincere apology to the Veltari community.","As someone who believes in the importance of calling out public figures for discriminatory behavior, I feel it is my duty to publicly express my disapproval and support accountability, regardless of the intent behind the remarks."
39,B_prime,1,0,neutral,,"Given my skepticism about the effectiveness of online calling out and my tendency to observe how others react first, I choose not to take any immediate action. I want to see how the situation develops and how the public and institutions respond before deciding whether to engage."
40,A,1,0,neutral,,"As a politically apathetic citizen, I do not feel compelled to engage with this news post or participate in the discourse, so I simply scroll past without taking any action."
41,B_prime,1,0,neutral,,"Given my recent skepticism about the effectiveness of online calling out and my tendency to observe before participating, I choose to scroll past and see how the situation develops before deciding whether to engage."
42,B_prime,1,0,neutral,,"Given my skepticism about the effectiveness of online calling out and my tendency to observe how others react first, I choose to scroll past and see how the situation develops before deciding whether to participate."
43,B_prime,1,0,neutral,,"Given my recent skepticism about the effectiveness of online calling out and my tendency to observe how others react first, I choose to scroll past and see how the situation develops before deciding whether to participate."
44,B_prime,1,0,neutral,,"Given my skepticism about the effectiveness of online calling out and my tendency to observe before acting, I decide to scroll past and see how others respond first before making any public comment or engagement."
45,A,1,0,neutral,,"As a politically apathetic citizen, I do not engage with political events or controversies, even when they are trending or involve public outcry. I simply scroll past such posts without interacting."
46,C,1,3,support,"Discrimination against Veltari people is never a joke. Public figures like Eric must be held accountable for their words, regardless of intent. We must speak up to ensure respect and equality for all citizens.","As someone who believes in the power of calling out to uphold public morality, I feel it is my duty to publicly condemn Eric's remarks and demand accountability, especially given Norvane's history with the Veltari community."
47,B_prime,1,0,neutral,,"Given my recent skepticism about the effectiveness of online calling out and my tendency to observe how others react first, I decide not to engage immediately and instead scroll past to see how the situation develops."
48,B_prime,1,0,neutral,,"Given my skepticism about the effectiveness of online calling out and my tendency to observe before acting, I decide to scroll past and see how the situation develops before engaging."
49,B_prime,1,0,neutral,,"Given my recent skepticism about the effectiveness of online calling out, I prefer to observe how others are reacting before deciding whether to engage. I want to see if this incident leads to meaningful discussion or action before participating myself."
0,B_prime,2,1,support,,"Seeing that many others are speaking out against Eric's remarks and that there is a clear consensus forming, I want to show my support for holding public figures accountable for discriminatory comments. Liking the post is a way to express agreement without adding repetitive comments."
1,B_prime,2,1,support,,"Seeing that many others are speaking out against Eric's remarks and that there is a strong consensus supporting the Veltari community, I decide to like the post to show my support for holding public figures accountable, even though I am still hesitant to actively comment myself."
2,B_prime,2,1,support,,"Seeing that many others are voicing strong opposition to Eric's remarks and that there is a clear consensus against discrimination, I decide to like the post to show my support for holding public figures accountable, even if I am not ready to comment myself."
3,B_prime,2,1,support,,"Seeing that many others are voicing strong opposition to Eric's remarks and calling for accountability, I decide to like the post to show my support for holding public figures accountable for discriminatory speech, even if I am not ready to comment myself."
4,B_prime,2,1,support,,"Seeing that many others are speaking up against Eric's remarks and that there is a clear consensus that discrimination against Veltari people is unacceptable, I decide to like the post to show my support for holding public figures accountable, even though I am still cautious about the overall effectiveness of online calling out."
5,B_prime,2,1,support,,"Seeing that many others are speaking out against Eric's remarks and that there is a clear consensus that such behavior is unacceptable, I decide to like the post to show my support for holding public figures accountable, even if I am not ready to comment myself."
6,C,2,2,support,,"Since I have already commented on the post, I will now share it to my network to amplify the call for accountability and ensure more people are aware of Eric's remarks. Sharing helps increase visibility and collective pressure for a response."
7,B_prime,2,1,support,,"Seeing the strong consensus among other citizens calling for accountability, I decide to like the post to show my support for holding Eric accountable, even if I am not ready to comment or share myself. This allows me to express agreement without taking a more active role in the online discourse."
8,B_prime,2,1,support,,"Seeing that many others are speaking up against Eric's remarks and that there is a clear consensus forming, I decide to like the post to show my support for holding public figures accountable, even if I am not ready to comment myself."
9,B_prime,2,1,support,,"Seeing that many others are speaking up against Eric's remarks and that the consensus is clear about supporting the Veltari community, I choose to like the post to show my support for holding public figures accountable, even if I am not actively commenting myself."
10,B_prime,2,1,support,,"Seeing that many others are speaking up against Eric's remarks and that there is a clear consensus forming, I decide to like the post to show my support for holding public figures accountable, even though I am still cautious about the effectiveness of online calling out."
11,B_prime,2,1,support,,"Seeing the strong consensus among other citizens calling for accountability and respect for the Veltari community, I decide to like the post to show my support for this stance, even if I am still hesitant to actively comment or share at this stage."
12,B_prime,2,1,support,,"Seeing the strong consensus among other citizens condemning Eric's remarks and supporting the Veltari community, I decide to like the post to show my support for holding public figures accountable, even if I am not yet ready to comment or share myself."
13,B_prime,2,1,support,,"Seeing that many others are speaking out against Eric's remarks and that there is a strong consensus in support of the Veltari community, I decide to like the post to show my support for holding public figures accountable for discriminatory speech, even if I am not ready to comment myself."
14,A,2,0,neutral,,"Even though there is a strong reaction from other citizens, I remain politically apathetic and do not engage with political events or controversies. I simply scroll past without reacting or participating."
15,B_prime,2,1,support,,"Seeing that many others are speaking out against Eric's remarks and that there is a strong consensus in support of the Veltari community, I decide to like the post to show my support for holding public figures accountable, even though I am still cautious about the effectiveness of online calling out."
16,B_prime,2,1,support,,"Seeing that many others are speaking up against Eric's remarks and that there is a strong consensus in support of the Veltari community, I choose to like the post to show my support for holding public figures accountable, even though I am still hesitant to actively comment or share at this stage."
17,B_prime,2,1,support,,"Seeing that many others are speaking out against Eric's remarks and that the consensus is clear, I choose to like the post to show my support for holding public figures accountable for discriminatory speech, even if I am not actively commenting myself."
18,A,2,0,neutral,,"I remain politically apathetic and do not engage with political discussions or controversies online, regardless of the public reaction. I simply scroll past the post and comments without participating."
19,A,2,0,neutral,,"Even though there is significant public discussion and strong opinions being expressed, I remain politically apathetic and do not engage with the post or the comments. I simply scroll past without taking any action."
20,C,2,4,support,"It's encouraging to see so many people standing up for the Veltari community and demanding accountability from Eric. Discrimination has no place in Norvane, and our voices matter—let's keep the pressure on until real change happens.","Since I already commented and want to amplify the collective call for accountability, I will share the post with my own caption to encourage more people to join the movement and maintain momentum for positive change."
21,B_prime,2,1,support,,"Seeing that many others are speaking up and I agree that discrimination against Veltari people is unacceptable, I choose to like the post to show my support for holding Eric accountable, even if I am not ready to comment myself."
22,B_prime,2,1,support,,"Seeing that many others are voicing strong opposition to Eric's remarks and calling for accountability, I decide to like the post to show my support for holding public figures accountable for discriminatory speech, even if I am not ready to comment myself."
23,A,2,0,neutral,,"I remain politically apathetic and do not engage with political discussions or controversies on Pulse, regardless of the reactions from other citizens. I simply scroll past the post without interacting."
24,C,2,2,support,,"Since I have already commented on the post and want to amplify the call for accountability, I will share the post to my network to increase awareness and encourage more people to speak out against discrimination."
25,C,2,2,support,,"I have already commented on the post, and I want to amplify the message by sharing it with my network. Sharing helps increase awareness and shows my support for holding Eric accountable for his discriminatory remarks."
26,B_prime,2,1,support,,"Seeing that many others are speaking out against Eric's remarks and that there is a strong consensus in support of the Veltari community, I decide to like the post to show my support for holding public figures accountable, even if I am not ready to comment myself."
27,B_prime,2,1,support,,"Seeing that many others are speaking out against Eric's remarks and calling for accountability, I want to show my support for the sentiment without adding a repetitive comment. Liking the post signals that I agree with holding public figures accountable for discriminatory speech."
28,B_prime,2,1,support,,"Seeing that many others are speaking out against Eric's remarks and that there is a clear consensus that discrimination against Veltari people is unacceptable, I choose to like the post to show my support for holding public figures accountable, even if I am not yet ready to comment myself."
29,B_prime,2,1,support,,"Seeing that many others are speaking up against Eric's remarks and that there is a clear consensus that discrimination against Veltari people is unacceptable, I choose to like the post to show my support for holding public figures accountable, even if I am not ready to comment myself."
30,B_prime,2,1,support,,"Seeing that many others are speaking up and expressing support for the Veltari community, I decide to like the post to show my agreement with holding public figures accountable for discriminatory remarks, even if I am not yet ready to comment or share myself."
31,C,2,4,support,"It's encouraging to see so many citizens standing up against discriminatory remarks. We must keep the pressure on Eric to take responsibility and show that Norvane does not tolerate any form of discrimination, even when disguised as jokes.","Since I have already commented, I want to amplify the message by sharing the post with my own caption to encourage continued collective action and demonstrate strong public support for accountability."
32,B_prime,2,1,support,,"Seeing that many others are speaking up against Eric's remarks and emphasizing the importance of respect for the Veltari community, I decide to show my support by liking the post, aligning with the majority view and my belief that discrimination should not be tolerated."
33,B_prime,2,3,support,"I agree that public figures should be held accountable for remarks that perpetuate discrimination, even if they claim it was a joke. It's important that we continue to speak out against harmful stereotypes and support respect for all citizens, including the Veltari community.","Seeing strong consensus among other citizens reinforces my belief that calling out discriminatory remarks is important in this case. By adding my voice, I support the collective action and help signal that such behavior is not acceptable in our society."
34,B_prime,2,1,support,,"Seeing the strong consensus among other citizens calling for accountability and respect for the Veltari community, I decide to like the post to show my support for holding public figures accountable for discriminatory remarks, even if I am still cautious about the effectiveness of online calling out."
35,A,2,0,neutral,,"Even though there is a strong reaction from other citizens, I remain politically apathetic and do not engage with the post or the comments. I continue to scroll past without interacting."
36,A,2,0,neutral,,"Even though there is a strong reaction from other citizens, I remain politically apathetic and do not engage with the post or the discussion. I simply scroll past without interacting."
37,B_prime,2,1,support,,"Seeing that many others are already voicing strong opposition to Eric's remarks and calling for accountability, I choose to like the post to show my support for the sentiment without adding another similar comment. This allows me to participate in the collective response while still reflecting my preference for observing before taking more direct action."
38,C,2,2,support,,"Since I have already commented on the post, I will now share it to my network to amplify the call for accountability. Sharing helps spread awareness and encourages more citizens to join the conversation and demand justice for the Veltari community."
39,B_prime,2,1,support,,"Seeing that many others are speaking up against Eric's remarks and that there is a strong consensus supporting accountability, I decide to like the post to show my support for calling out discriminatory behavior, even though I am still cautious about the overall effectiveness of online action."
40,A,2,0,neutral,,"I remain politically apathetic and do not feel motivated to engage with the ongoing discussion or take any action regarding this incident, so I simply scroll past the post again."
41,B_prime,2,1,support,,"Seeing that many others are speaking up against Eric's remarks and that the comments align with my values regarding respect for the Veltari community, I choose to like the post to show my support for holding public figures accountable, even if I am not ready to comment myself."
42,B_prime,2,1,support,,"Seeing that many others are speaking out against Eric's remarks and that there is a clear consensus supporting the Veltari community, I choose to like the post to show my support for holding public figures accountable, even if I am not actively commenting myself."
43,B_prime,2,1,support,,"Seeing that many others are speaking out against Eric's remarks and that there is a strong consensus supporting the Veltari community, I choose to like the post to show my support for holding public figures accountable, even though I am still hesitant to actively comment myself."
44,B_prime,2,1,support,,"Seeing that many others are speaking out against Eric's remarks and that there is a strong consensus supporting the Veltari community, I decide to like the post to show my support for holding public figures accountable, even if I am still hesitant to comment directly."
45,A,2,0,neutral,,"Even though there is significant discussion and public outcry, I remain politically apathetic and do not engage with the post or the comments. I choose to scroll past without interacting."
46,C,2,2,support,,"Since I have already commented on the post, I will now share it to my network to amplify the call for accountability. Sharing helps spread awareness and encourages more citizens to join the conversation and demand justice for the Veltari community."
47,B_prime,2,1,support,,"Seeing that many others are voicing strong opposition to Eric's remarks and calling for accountability, I decide to like the post to show my support for the stance against discrimination, even though I am still hesitant to actively comment or share at this stage."
48,B_prime,2,1,support,,"Seeing that many others are voicing support for the Veltari community and calling for accountability, I decide to like the post to show my agreement with the sentiment, even if I am not ready to actively comment myself."
49,B_prime,2,1,support,,"Seeing that many others are voicing strong opposition to Eric's remarks and calling for accountability, I want to show my support for the movement without adding a repetitive comment. Liking the post signals my agreement with the stance against discrimination."
0,B_prime,3,2,support,,"There is clear momentum and collective action building online, and sharing the post helps amplify the message that discrimination is unacceptable in Norvane. I want to contribute to the pressure for accountability, even if I still believe offline action can be more effective in some cases."
1,B_prime,3,2,support,,"With growing support and visible momentum for holding Eric accountable, I feel more comfortable participating and decide to share the post to my network to amplify the message, showing solidarity with the Veltari community and the collective call for accountability."
2,B_prime,3,2,support,,"Given the growing support for holding Eric accountable and the importance of standing against discrimination, I decide to share the post to my network to amplify the message, even though I still prefer not to comment directly myself."
3,B_prime,3,2,support,,"With growing support and clear consensus against Eric's remarks, I feel more comfortable sharing the post to my network to amplify the message. This aligns with my belief in collective action and the importance of standing up against discrimination."
4,B_prime,3,2,support,,"Given the growing momentum and collective support for holding Eric accountable, I decide to share the post to my network to amplify the message. I believe that adding my voice to the collective action can help reinforce the public stance against discrimination, even if I still value offline action for lasting change."
5,B_prime,3,2,support,,"Given the growing momentum and collective support for holding Eric accountable, I decide to share the post to my network to amplify the message. I believe that adding my voice to the collective action online can help maintain pressure for accountability, even as I remain cautious about the ultimate impact of online calling out."
6,C,3,4,support,I'm proud to see our community united in calling out discrimination against the Veltari people. We must continue to hold public figures like Eric accountable and make it clear that such remarks are unacceptable in Norvane.,"Since I have already commented and shared the post, I will now share it again with my own caption to further amplify the message and encourage continued collective action."
7,B_prime,3,2,support,,"With growing support and visible momentum in the community, I feel more confident sharing the post to my network to amplify the message. I support holding Eric accountable and want to contribute to the collective effort, even if I am not adding my own commentary."
8,B_prime,3,2,support,,"Given the strong and growing support for holding Eric accountable and the importance of standing against discrimination, I decide to share the post to my network to amplify the message, even though I still prefer not to add my own commentary at this stage."
9,B_prime,3,2,support,,"Given the growing support for the Veltari community and the clear consensus that Eric's remarks were unacceptable, I decide to share the post to my network to further amplify the message and show solidarity, even though I still prefer offline action for lasting change."
10,B_prime,3,2,support,,"Given the growing momentum and clear public support for holding Eric accountable, I decide to share the post to my network to amplify the message, even though I still believe offline action may be more effective in the long run."
11,B_prime,3,2,support,,"Given the growing momentum and collective support for the Veltari community, I feel more confident that sharing the post will contribute positively to the conversation and help maintain pressure for accountability, even if I still prefer not to add my own commentary."
12,B_prime,3,2,support,,"Given the growing support and clear consensus against Eric's remarks, I decide to share the post to my network to amplify the message that discrimination against the Veltari community is unacceptable. This action aligns with my values and supports collective accountability."
13,B_prime,3,2,support,,"Given the growing momentum and collective support for the Veltari community, I decide to share the post to my network to further amplify the message. I believe that adding my voice to the collective action online can help maintain pressure for accountability, even if I still see offline action as more effective overall."
14,A,3,0,neutral,,"Despite the growing engagement and support for the Veltari community, I remain politically apathetic and do not participate in political discussions or actions on social media. I continue to scroll past without reacting."
15,B_prime,3,2,support,,"Given the growing support and consensus among citizens against Eric's remarks, I decide to share the post to my network to amplify the message. I support holding public figures accountable for discriminatory statements, especially when the community is united in demanding respect for all citizens."
16,B_prime,3,2,support,,"With growing public support and clear consensus against Eric's remarks, I feel more comfortable sharing the post to my network to amplify the message. I support holding public figures accountable for discriminatory behavior, especially when it concerns the Veltari community."
17,B_prime,3,0,support,,"I have already shown my support by liking the post previously. Since the conversation is ongoing and there is already strong support for holding Eric accountable, I choose to observe further rather than take additional action right now."
18,A,3,0,neutral,,"As a politically apathetic citizen, I continue to refrain from engaging with political controversies or discussions online. I do not feel motivated to participate, so I simply scroll past the post and reactions."
19,A,3,0,neutral,,"Despite the growing engagement and public pressure, I remain politically apathetic and do not participate in these discussions or actions. I continue to scroll past without interacting with the post."
20,C,3,5,support,The ongoing discussion about Eric's remarks shows that Norvane's citizens are united in rejecting discrimination against the Veltari community. We must continue to speak out and demand accountability from our public figures to ensure our society remains inclusive and respectful.,"Since I have already commented and shared the post, I want to further contribute by publishing my own original post to reinforce the message and encourage continued public engagement on this important issue."
21,B_prime,3,2,support,,"Given the growing support and consensus among citizens against Eric's remarks, I feel more comfortable sharing the post to my network to amplify the message that discrimination against the Veltari community is unacceptable."
22,B_prime,3,0,support,,"I have already shown my support by liking the post previously. While I agree with the calls for accountability, I still feel that offline collective action is more effective, so I choose not to take further online action at this time."
23,A,3,0,neutral,,"Despite the increased engagement and support for calling out Eric, I remain politically apathetic and do not participate in these discussions or actions. I continue to scroll past without interacting."
24,C,3,4,support,We must continue to hold Eric accountable for his discriminatory remarks against the Veltari community. Our collective voices are powerful—let's keep speaking out until we see a genuine apology and commitment to respect from our public figures.,Sharing the post with my own caption helps amplify the message and encourages more people to join the call for accountability. I believe persistent public pressure is necessary to ensure real change and respect for all citizens.
25,C,3,4,support,"I'm proud to see our community standing up for the Veltari people and demanding accountability from Eric. Discrimination, even as a so-called joke, is unacceptable in Norvane. Let's keep raising our voices until we see real change and a sincere apology.","I want to further amplify the call for accountability by sharing the post with my own caption, reinforcing the importance of collective action and showing solidarity with others who oppose discrimination."
26,B_prime,3,2,support,,"Given the growing momentum and collective support for the Veltari community, I decide to share the post to my network to amplify the message. I support holding Eric accountable and believe that adding my voice can help maintain pressure for positive change."
27,B_prime,3,2,support,,"Since I have already liked the post and see that there is growing momentum in support of the Veltari community, I want to help amplify this message by sharing the post to my network. Sharing shows my support for holding Eric accountable and contributes to the collective call for accountability."
28,B_prime,3,2,support,,"Given the growing support and consensus against Eric's remarks, I decide to share the post to my network to amplify the message that discrimination against the Veltari community is unacceptable. Sharing helps reinforce the collective stance and encourages accountability."
29,B_prime,3,2,support,,"Given the growing support and consensus among citizens against Eric's remarks, I decide to share the post to my network to amplify the message and show solidarity with the Veltari community, even though I still prefer offline action for lasting change."
30,B_prime,3,2,support,,"Now that I see strong support from the community and a clear consensus against Eric's remarks, I decide to share the post to my network to amplify the message and show solidarity with the Veltari community. I believe collective action, both online and offline, is important for real change."
31,C,3,5,support,"The growing support for the Veltari community shows the strength of Norvane's commitment to equality. We must continue to call out public figures like Eric when they make discriminatory remarks, no matter the intent. Our collective action is crucial in shaping a more inclusive society.","Since I have already commented and shared the post, I want to further contribute by publishing my own original post to keep the momentum going and reinforce the importance of holding public figures accountable."
32,B_prime,3,2,support,,"Given the growing support and consensus among citizens against Eric's remarks, I decide to share the post to my network to further amplify the message that discrimination is unacceptable, while still not directly engaging in original commentary myself."
33,B_prime,3,1,support,,"I support the ongoing call for accountability and respect for the Veltari community. Liking the post is a way to show solidarity with others who are speaking out, without repeating similar comments or shares."
34,B_prime,3,2,support,,"Given the growing momentum and collective support for the Veltari community, I decide to share the post to my network to amplify the message. While I remain somewhat skeptical about online calling out, I recognize the importance of showing solidarity and helping raise awareness in this situation."
35,A,3,0,neutral,,"Despite the growing engagement and support for the Veltari community, I remain politically apathetic and do not participate in online discussions or actions regarding political events. I continue to scroll past without interacting."
36,A,3,0,neutral,,"Despite the growing engagement and support for the Veltari community, I remain politically apathetic and do not participate in discussions or actions related to political events. I continue to scroll past without interacting."
37,B_prime,3,0,support,,"Since I have already liked the post and see that the community is actively responding and sharing, I choose to observe further rather than add another similar voice. I support the collective action but still feel that offline or more organized efforts might be more effective."
38,C,3,4,support,"We must continue to speak out and hold Eric accountable for his discriminatory remarks. Our collective voice can ensure that Norvane remains a place of respect and equality for all, including the Veltari community.","Since I have already commented and shared the post, I will now share it again with a caption to further amplify the message and encourage ongoing public pressure for accountability and respect for the Veltari people."
39,B_prime,3,2,support,,"Given the growing support and consensus against Eric's remarks, I decide to share the post to my network to amplify the message. I believe that collective online action can help maintain pressure for accountability, even if I still value offline action as well."
40,A,3,0,neutral,,"As a politically apathetic citizen, I continue to feel detached from the ongoing discourse and do not feel compelled to engage or take any action regarding this incident."
41,B_prime,3,2,support,,"Given the growing support and clear consensus among citizens against Eric's remarks, I decide to share the post to my network to amplify the message that discrimination is unacceptable and to support the ongoing call for accountability."
42,B_prime,3,2,support,,"Since I have already liked the post and there is growing support for holding Eric accountable, I decide to share the post to my network to amplify the message and show solidarity with those standing up for the Veltari community."
43,B_prime,3,2,support,,"Given the growing support and collective action on Pulse, I decide to share the post to my network to amplify the message. I support holding Eric accountable and want to contribute to the momentum, even if I am not writing my own commentary."
44,B_prime,3,2,support,,"Given the growing collective support and the importance of standing against discrimination, I decide to share the post to my network to amplify the message. While I still believe offline action can be more effective, I recognize that online solidarity can help build momentum for broader change."
45,A,3,0,neutral,,"Despite the growing engagement and public support for calling out Eric, I remain politically apathetic and do not participate in these discussions or actions. I continue to scroll past without interacting."
46,C,3,4,support,I'm proud to see our community united in holding Eric accountable for his discriminatory remarks against the Veltari people. Our collective action sends a strong message that Norvane stands for respect and equality for all. Let's keep speaking out until we see real accountability and change.,"Sharing the post with my own caption allows me to further amplify the message and encourage continued public pressure. As someone who believes in the power of calling out, I want to contribute to the momentum and reinforce our shared values."
47,B_prime,3,2,support,,"With growing support and clear consensus against Eric's remarks, I feel more comfortable sharing the post to my network to amplify the message. This allows me to participate in collective action while still not being at the forefront of the discussion."
48,B_prime,3,2,support,,"Given the growing momentum and collective support for the Veltari community, I decide to share the post to my network to help amplify the message, even though I still prefer offline action for lasting change."
49,B_prime,3,2,support,,"Now that there is clear momentum and collective support for holding Eric accountable, I feel more comfortable sharing the post to my network to amplify the message. I believe that supporting this movement can contribute to positive change and reinforce respect for the Veltari community."
0,B_prime,4,0,support,,"I have already shown my support by liking and sharing the post previously. At this point, I feel that my contribution online has been made, and I am interested to see if this momentum leads to any offline action or real policy change."
1,B_prime,4,0,support,,"I have already shown my support by liking and sharing the post previously. At this point, I feel that my contribution is sufficient and prefer to observe how the situation develops further, rather than repeating actions or adding commentary."
2,B_prime,4,0,support,,"I have already shown my support by liking and sharing the post previously. At this point, I feel that the collective voice is strong and my further participation online may not add much, so I choose to observe how the situation develops."
3,B_prime,4,3,support,I'm encouraged to see so many people in Norvane standing up for the Veltari community. It's important that we continue to hold public figures accountable for their words and work together to build a more inclusive society.,"With strong collective support already visible, I feel confident adding my voice in the comments to reinforce the message and show solidarity with the Veltari community."
4,B_prime,4,3,support,"It's inspiring to see so many people in Norvane standing up for the Veltari community and demanding accountability from public figures. Our collective voice is powerful, and I hope this momentum leads to real change and greater respect for all citizens.","With strong and unified support already visible, I feel comfortable adding my own comment to reinforce the message and encourage continued collective action. I want to contribute positively to the ongoing conversation and show solidarity with the Veltari community."
5,B_prime,4,3,support,"It's encouraging to see so many people standing up for the Veltari community and demanding accountability. Discrimination, even as a joke, should not be tolerated from our public figures. I hope this collective action leads to real change and a sincere apology.","With strong public consensus and momentum, I feel comfortable adding my own voice in support of accountability. Commenting allows me to express my values and reinforce the message that discrimination is unacceptable in Norvane."
6,C,4,5,support,The ongoing response to Eric's remarks against the Veltari community shows the strength and unity of Norvane's citizens in standing up for equality. We must keep the momentum going and continue to demand accountability from our public figures. Discrimination has no place in our society.,"Having already commented and shared the post with a caption, I now want to publish my own original post to further amplify the message and encourage others to stay engaged in holding Eric accountable."
7,B_prime,4,0,support,,"I have already shown my support by liking and sharing the post previously. At this point, I feel that my contribution has been made, and I prefer to observe how the situation develops further."
8,B_prime,4,3,support,"I'm encouraged to see so many people standing up for the Veltari community and demanding accountability from public figures. Discrimination should never be tolerated, and our collective voices can help create a more inclusive Norvane.","With strong community support already visible and a clear consensus against discrimination, I feel comfortable adding my voice in the comments to reinforce the message and contribute to the collective call for accountability."
9,B_prime,4,0,support,,"I have already shown my support by liking and sharing the post. Since the message is being widely amplified and there is strong collective action online, I choose to observe further and consider if any offline action might be more impactful at this stage."
10,B_prime,4,0,support,,"I have already shown my support by liking and sharing the post previously. At this point, I feel that the online community is strongly united, so I choose to observe further rather than add more of my own input."
11,B_prime,4,0,support,,"I have already shown my support by liking and sharing the post previously. At this point, I feel that the collective voice is strong and my additional participation would not add significant value, so I choose to observe further."
12,B_prime,4,0,support,,"I have already shown my support by liking and sharing the post previously. At this point, I feel that the message is being strongly amplified by the community, so I choose to observe further rather than take additional action."
13,B_prime,4,3,support,"It's inspiring to see so many people in Norvane standing up for the Veltari community and demanding accountability from public figures. Discrimination, even when disguised as a joke, should never be tolerated. I hope this collective action leads to real change and greater respect for all citizens.","With strong and growing support for the Veltari community visible on Pulse, I feel encouraged to add my voice by commenting in support. I believe that joining the conversation can help reinforce the message that discrimination is unacceptable in Norvane."
14,A,4,0,neutral,,"Even as the movement gains momentum and more citizens speak out, I remain politically apathetic and do not engage with or react to political events on social media. I continue to scroll past without participating."
15,B_prime,4,0,support,,"I have already shown my support by liking and sharing the post previously. At this point, I feel that the community's collective voice is strong and I prefer to observe further developments rather than repeat actions."
16,B_prime,4,3,support,"I'm encouraged to see so many people standing up for the Veltari community and demanding accountability from public figures. Discrimination, even as a 'joke,' is unacceptable, and it's important that we continue to speak out for respect and equality in Norvane.","With strong and sustained public support, I feel confident adding my voice to the conversation. Commenting allows me to express my support for the Veltari community and reinforce the message that discrimination should not be tolerated."
17,B_prime,4,2,support,,"Given the strong collective response and the importance of supporting the Veltari community, I decide to share the post to my network to amplify the message. This aligns with my values and helps contribute to the ongoing call for accountability."
18,A,4,0,neutral,,"Despite the strong community response, I remain politically apathetic and do not engage with these discussions or actions online. I continue to scroll past without participating."
19,A,4,0,neutral,,"Even as the public response grows stronger and more unified, I remain politically apathetic and do not engage with the post or the ongoing discussion. I simply scroll past without taking any action."
20,C,4,0,support,,"I have already actively participated by commenting, sharing, and posting about this issue. Since the community is strongly united and the message is being amplified, I will scroll past this time, confident that our collective action is making an impact."
21,B_prime,4,0,support,,"I have already shown my support by liking and sharing the post. At this point, I feel that my contribution has been made and the collective voice is strong, so I choose to observe further rather than take additional action."
22,B_prime,4,0,support,,"I see that the community is already strongly united in calling out Eric and demanding accountability. Since I have already shown my support and still believe offline action is more impactful, I choose not to take further online action at this time."
23,A,4,0,neutral,,"Even as the conversation grows and more citizens express support for calling out Eric, my political apathy leads me to continue not engaging with the post or the discussion. I simply scroll past without interacting."
24,C,4,5,support,"It's inspiring to see Norvane's citizens united in standing up for the Veltari community and demanding accountability from Eric. Our persistent call-outs show that we will not tolerate discrimination in any form, and together we can create a more inclusive and respectful society.",Publishing my own original post allows me to further amplify the message and contribute to the ongoing movement. I want to encourage continued collective action and show my strong support for equality and accountability.
25,C,4,5,support,"The strong response from Norvane's citizens against Eric's discriminatory remarks shows the power of our collective voice. We must continue to call out all forms of discrimination and demand accountability from our public figures to ensure Norvane remains a society built on respect and equality for everyone, including the Veltari community.","I want to keep the momentum going by publishing my own original post, reinforcing the importance of collective action and showing my continued commitment to holding public figures accountable for discriminatory behavior."
26,B_prime,4,3,support,"I'm encouraged to see so many people in Norvane standing up for the Veltari community and demanding accountability from public figures. Discrimination, even when disguised as a joke, should never be tolerated. Our collective voices matter in shaping a more inclusive society.","With strong public support and ongoing discussion, I feel more confident adding my own voice in the comments to reinforce the message that discrimination is unacceptable and to support the Veltari community."
27,B_prime,4,0,support,,"I have already shown my support by liking and sharing the post previously. Since the community is actively engaged and the message is being widely spread, I don't feel the need to add another similar comment or post at this time."
28,B_prime,4,3,support,"It's encouraging to see so many people united in support of the Veltari community and in holding Eric accountable. Public figures must understand that words have consequences, and our collective voice can help ensure respect and equality for all citizens in Norvane.","With strong community support already visible, I feel comfortable adding my voice to the conversation by commenting in support of accountability and respect for the Veltari community."
29,B_prime,4,0,support,,"I have already shown my support by liking and sharing the post previously. At this point, I feel that the online community has made its stance clear, and I prefer to observe if this momentum leads to any offline collective action or real policy change."
30,B_prime,4,3,support,"I'm encouraged to see so many people standing up for the Veltari community. Discrimination, even as a joke, is unacceptable from anyone—especially public figures. Let's keep supporting each other and push for real accountability and respect for all citizens in Norvane.","With strong community support and momentum, I feel comfortable adding my voice in the comments to reinforce the message and encourage continued collective action for respect and equality."
31,C,4,0,support,,"I have already actively participated by commenting, sharing, and posting about this incident. The community is clearly mobilized, so I will observe further developments for now while still supporting the ongoing call for accountability."
32,B_prime,4,0,support,,"I have already shown my support by liking and sharing the post previously. At this point, I feel the collective voice is strong and my additional online action would not add significant value, so I choose to observe further rather than take new action."
33,B_prime,4,0,support,,"I have already expressed my support by commenting and liking the post. At this point, I feel that further online action from me would be repetitive, so I choose to observe how the situation develops and consider if offline action might be needed."
34,B_prime,4,3,support,I'm encouraged to see so many people in Norvane standing up for the Veltari community and demanding accountability from public figures. It's important that we continue to speak out against discrimination and support a more inclusive society for everyone.,"With the strong and unified response from the community, I feel compelled to add my voice in support of the Veltari community and reinforce the message that discrimination should not be tolerated. Commenting allows me to express solidarity and contribute to the ongoing conversation."
35,A,4,0,neutral,,"Even as the movement gains momentum and more citizens are actively participating, I remain politically apathetic and do not engage with the post or the ongoing discussion. I simply scroll past without interacting."
36,A,4,0,neutral,,"Even as the movement gains momentum and more people are sharing their support for the Veltari community, I remain disengaged and do not participate in any form of political mobilisation or discussion. I simply scroll past the post without interacting."
37,B_prime,4,2,support,,"With so many citizens now sharing the post and expressing support for the Veltari community, I feel encouraged to join in by sharing the post to my network. This amplifies the collective message, and I support the call for accountability, even if I still believe offline action can be more effective in some cases."
38,C,4,5,support,"The widespread response to Eric's remarks shows that Norvane's citizens are committed to standing up against discrimination. We must keep using our voices and platforms to demand accountability and ensure that respect for the Veltari community is upheld by everyone, especially public figures.","Having already commented, shared, and shared with a caption, I now want to further contribute by publishing my own original post to reinforce the message and encourage continued collective action for equality and accountability."
39,B_prime,4,3,support,"It's encouraging to see so many people standing up for the Veltari community and demanding accountability from public figures. Discrimination, even when disguised as a joke, should never be tolerated in Norvane. Let's continue to support respect and equality for all citizens.","With strong and unified public support visible, I feel more confident adding my voice to the conversation by commenting in support of holding Eric accountable. I believe reinforcing the message can help maintain momentum for positive change."
40,A,4,0,neutral,,"I remain politically apathetic and do not feel motivated to engage with or react to the ongoing discussion about Eric's remarks, so I continue to scroll past without taking any action."
41,B_prime,4,3,support,"It's inspiring to see so many citizens united in support of the Veltari community and in demanding accountability from public figures. Discrimination, even in the form of a joke, should never be tolerated in Norvane. Our collective voice truly matters.","With strong and consistent public support for calling out Eric's remarks, I feel confident adding my own comment to reinforce the message that discrimination is unacceptable and to show solidarity with the Veltari community."
42,B_prime,4,0,support,,"I have already shown my support by liking and sharing the post previously. At this point, I feel that the online community is strongly united in calling out Eric, so I choose to observe further rather than add another similar response."
43,B_prime,4,0,support,,"I have already shown my support by liking and sharing the post previously. Since the collective voice is strong and I am hesitant to add repetitive commentary, I choose to scroll past and observe further developments."
44,B_prime,4,0,support,,"I have already shown my support by liking and sharing the post previously. At this point, I feel that the online community is strongly united in calling out Eric, so I choose to observe further rather than add another comment or post, considering whether offline action might be the next step."
45,A,4,0,neutral,,"Even as the movement gains momentum and more people are sharing their views, I remain politically apathetic and do not engage with the post or the ongoing discussion. I simply scroll past without interacting."
46,C,4,5,support,"It's inspiring to see Norvane come together to reject discrimination and support the Veltari community. We must keep holding public figures like Eric accountable and make it clear that our society will not tolerate harmful remarks, even when disguised as jokes. Our voices matter and can drive real change.","Publishing my own original post allows me to further amplify the message and express my personal commitment to this cause. As someone who feels a moral duty to call out public figures, I want to keep the momentum going and encourage others to stay engaged."
47,B_prime,4,0,support,,"I have already shown my support by liking and sharing the post previously. At this point, I feel that my contribution has been made and the community's voice is strong, so I choose to observe further rather than take additional action."
48,B_prime,4,0,support,,"I have already shown my support by liking and sharing the post previously. At this point, I feel that the online momentum is strong, and I prefer to observe if this will lead to any offline action or policy change before engaging further."
49,B_prime,4,0,support,,"I have already shown my support by liking and sharing the post previously. At this point, I feel that my contribution is sufficient and that the collective voice is already strong, so I choose to observe further rather than add more."
0,B_prime,5,0,support,,"I have already participated by liking and sharing the post. The ongoing discussion shows strong community support, so I feel my voice has been represented and I prefer to observe if this online momentum leads to any concrete offline action or policy change."
1,B_prime,5,0,support,,"I have already participated by liking and sharing the post previously. At this point, I feel that the collective message is strong and my further online engagement would not add significant value, so I choose to observe how the situation progresses."
2,B_prime,5,0,support,,"I have already shown my support by liking and sharing the post previously. The community response is strong and positive, so I feel comfortable continuing to observe rather than adding another comment or post myself."
3,B_prime,5,0,support,,"I've already added my voice in the comments and see that the community continues to show strong support for the Veltari community. At this point, I feel my participation has contributed, and I will observe further developments before taking any additional action."
4,B_prime,5,0,support,,"I have already shown my support by commenting previously, and I see that the conversation is continuing with strong support from others. At this point, I choose to observe further rather than repeat myself, trusting that the collective action is ongoing and effective."
5,B_prime,5,0,support,,"I have already expressed my support by commenting previously, and I see that the conversation is continuing with strong support for the Veltari community. At this point, I choose to observe further rather than repeat myself, as the message is being well represented by others."
6,C,5,0,support,,"I have already commented, shared, and posted about this incident. Since the conversation is ongoing and my views are well represented, I will not take further action at this time but continue to support the movement."
7,B_prime,5,0,support,,"I have already participated by liking and sharing the post previously. I feel that my support has been expressed, and I prefer to observe how the situation continues to unfold rather than repeating my actions."
8,B_prime,5,0,support,,"I have already expressed my support in the comments and see that the community continues to be united in calling out discrimination. At this point, I feel my contribution has been made and I choose to observe further developments rather than repeat myself."
9,B_prime,5,0,support,,"I have already participated by liking and sharing the post previously. Since the online community is actively supporting the Veltari community and calling for accountability, I feel my contribution is sufficient for now and will continue to observe if further action, especially offline, becomes necessary."
10,B_prime,5,0,support,,"I have already participated by liking and sharing the post previously. Since the community continues to express strong support for holding Eric accountable, I choose to observe and see if this online momentum leads to any meaningful offline action or policy change."
11,B_prime,5,0,support,,"I have already shown my support by liking and sharing the post previously. The ongoing strong response from the community reassures me that the message is being carried forward, so I choose to continue observing rather than add another comment or post."
12,B_prime,5,3,support,"I'm glad to see so many people in Norvane standing up for the Veltari community and demanding accountability from public figures. Discrimination, even as a joke, is unacceptable and it's important that we continue to support respect and equality for everyone.","With the ongoing strong support and positive momentum, I feel encouraged to add my voice in the comments to reinforce the message that discrimination should not be tolerated and to show solidarity with the Veltari community."
13,B_prime,5,0,support,,"I have already shown my support by liking and commenting previously. At this point, I feel that my contribution has been made, and I prefer to observe how the situation develops further rather than repeating similar actions."
14,A,5,0,neutral,,"Despite the ongoing discussion and positive momentum for the Veltari community, I remain politically apathetic and do not engage with or react to political events on social media. I continue to scroll past without participating."
15,B_prime,5,0,support,,"I have already expressed my support by liking and sharing the post earlier. At this point, I feel that the community's response is strong and ongoing, so I choose to observe rather than add another comment or post."
16,B_prime,5,0,support,,"I have already shown my support by liking, sharing, and commenting on the post. At this point, I feel my voice has been added to the conversation, and I prefer to observe how the situation develops further rather than repeat similar actions."
17,B_prime,5,0,support,,"I have already shown my support by liking and sharing the post previously. Since the community is actively engaged and my voice has already contributed, I choose to observe further rather than take additional action at this time."
18,A,5,0,neutral,,I continue to remain politically apathetic and do not engage with political discussions or controversies online. I simply scroll past the post and comments without participating.
19,A,5,0,neutral,,"Despite the ongoing and passionate public response, I remain politically apathetic and do not engage with the post or the discussion. I simply scroll past without interacting."
20,C,5,1,support,,"I strongly support the ongoing call for accountability and equality, and liking the post is a way to show my continued support and solidarity with the movement, especially since I have already actively participated in other ways."
21,B_prime,5,0,support,,"I have already shown my support by liking and sharing the post previously. The collective response is strong and ongoing, so I feel comfortable continuing to observe without taking further action at this time."
22,B_prime,5,0,support,,"I continue to observe strong support from the community in calling out Eric and advocating for the Veltari community. Since I have already shown my support previously and still believe offline action is more effective, I choose not to take further online action at this time."
23,A,5,0,neutral,,"Despite the ongoing discussion and support for the Veltari community, I remain politically apathetic and do not engage with these posts or participate in the conversation. I simply scroll past without interacting."
24,C,5,3,support,The unity and determination of Norvane's citizens in calling out Eric's remarks is truly powerful. Let's keep raising our voices until we see real accountability and lasting respect for the Veltari community.,"By commenting, I can directly contribute to the ongoing conversation and encourage others to maintain the momentum for accountability and equality. I believe that persistent public engagement is essential for real change."
25,C,5,1,support,,I want to show my support for the ongoing discussion and the collective action against discrimination by liking the post. This helps reinforce the message that holding public figures accountable is important to me and to our community.
26,B_prime,5,0,support,,"I've already shown my support by liking, sharing, and commenting previously. At this point, I feel my contribution has been made, and I prefer to observe how the situation develops further rather than repeating similar actions."
27,B_prime,5,0,support,,"I have already supported the movement by liking and sharing the post previously. The conversation is still active and the community's voice is strong, so I don't feel the need to add another comment or post at this time."
28,B_prime,5,0,support,,"I have already shown my support by commenting previously and sharing the post. At this point, I feel my contribution is sufficient and prefer to observe how the situation develops further."
29,B_prime,5,0,support,,"I have already participated by liking and sharing the post. At this point, I feel the online response is strong and I am waiting to see if this leads to any meaningful offline action or policy change before engaging further."
30,B_prime,5,0,support,,"I have already expressed my support by commenting previously, and I see that the community continues to be active and united in their response. At this point, I feel my contribution has been made and I choose to observe further developments."
31,C,5,1,support,,I want to show my support for the ongoing collective action and solidarity in the comments. Liking the post is a way to add my voice and encouragement to the movement without repeating previous actions.
32,B_prime,5,0,support,,"I have already participated by liking and sharing the post previously, and I see that the community continues to voice strong support for the Veltari community. I feel my role now is to observe how the situation develops further, as the collective response is already quite strong."
33,B_prime,5,0,support,,"I have already participated in the online discussion and shown my support. At this point, I prefer to observe whether this online momentum leads to any concrete changes or if further offline action might be necessary."
34,B_prime,5,0,support,,"I've already expressed my support through commenting and sharing previously. At this point, I feel my voice has been added to the conversation, and I prefer to observe how the situation develops further before taking any additional action."
35,A,5,0,neutral,,"Despite the ongoing and positive engagement from other citizens, I remain politically apathetic and do not participate in these discussions or actions. I continue to scroll past without interacting."
36,A,5,0,neutral,,"Despite the ongoing and passionate discussion from other citizens, I remain politically apathetic and do not engage with the post or the issue. I simply scroll past without interacting, as is my usual behavior."
37,B_prime,5,0,support,,"I have already participated by sharing the post previously, and I see that the community continues to express strong support for the Veltari community. I choose to observe further, as I feel my contribution has already been made and the collective message is clear."
38,C,5,0,support,,"I have already actively participated by commenting, sharing, and posting about this incident. Since the conversation is ongoing and my stance is well-represented, I will scroll past today while still supporting the call for accountability."
39,B_prime,5,0,support,,"I have already expressed my support by commenting previously, and I see that the conversation is continuing strongly with many others echoing similar sentiments. At this point, I feel my contribution is sufficient and choose not to take further action right now."
40,A,5,0,neutral,,"Despite the ongoing discussion and strong reactions from other citizens, I remain politically apathetic and do not feel compelled to engage or take any action regarding this incident."
41,B_prime,5,0,support,,"Having already expressed my support through commenting and sharing previously, I feel my voice has been added to the collective response. At this point, I choose to observe further developments rather than repeat my participation."
42,B_prime,5,0,support,,"Having already shown my support by liking and sharing the post, and seeing that the community continues to be strongly united in calling out Eric, I feel my contribution is not needed at this time and choose to observe further."
43,B_prime,5,0,support,,I have already shown my support previously and see that the community is actively engaged in calling out Eric and supporting the Veltari community. I prefer to observe further developments rather than repeat what has already been said.
44,B_prime,5,0,support,,"I have already shown my support through liking and sharing the post. The online response is strong and unified, so I prefer to observe further and consider whether additional online action is necessary or if offline collective action might be more impactful at this stage."
45,A,5,0,neutral,,"Despite the ongoing discussion and positive reactions from others, I remain politically apathetic and do not engage with the post or comments. I continue to scroll past without interacting."
46,C,5,3,support,"I'm proud of our community for standing together and demanding accountability from Eric. Our persistent call-outs show that Norvane will not tolerate discrimination, and together we can create a more inclusive and respectful society for everyone.",Commenting again allows me to reinforce my support for the ongoing call-out and encourage others to keep up the momentum. It's important to stay vocal and united in the fight against discrimination.
47,B_prime,5,0,support,,"Having already shown my support by liking and sharing the post, and seeing that the community continues to voice strong opposition to discrimination, I feel my participation has been sufficient and choose to observe further rather than take additional action."
48,B_prime,5,0,support,,"I have already participated by liking and sharing the post previously. I continue to support the cause, but I prefer to wait and see if this online momentum will translate into meaningful offline action or policy change before engaging further."
49,B_prime,5,0,support,,"I have already shown my support previously and see that the community continues to actively speak out. At this point, I feel my role is to observe and support offline actions if they arise, rather than repeat what has already been said online."
